{
  "mean_nn_distance_km": 0.3430787486839303,
  "std_nn_distance_km": 0.37543712376675714,
  "min_nn_distance_km": 0.02179509174079862,
  "max_nn_distance_km": 1.5963295984757178
}